id,vn_gso_code
base.state_vn_VN-HN,01
base.state_vn_VN-04,04
base.state_vn_VN-07,08
base.state_vn_VN-71,11
base.state_vn_VN-01,12
base.state_vn_VN-05,14
base.state_vn_VN-02,15
base.state_vn_VN-69,19
base.state_vn_VN-09,20
base.state_vn_VN-13,22
base.state_vn_VN-56,24
base.state_vn_VN-68,25
base.state_vn_VN-HP,31
base.state_vn_VN-66,33
base.state_vn_VN-18,37
base.state_vn_VN-21,38
base.state_vn_VN-22,40
base.state_vn_VN-23,42
base.state_vn_VN-25,44
base.state_vn_VN-26,46
base.state_vn_VN-DN,48
base.state_vn_VN-29,51
base.state_vn_VN-30,52
base.state_vn_VN-34,56
base.state_vn_VN-33,66
base.state_vn_VN-35,68
base.state_vn_VN-39,75
base.state_vn_VN-SG,79
base.state_vn_VN-37,80
base.state_vn_VN-45,82
base.state_vn_VN-49,86
base.state_vn_VN-44,91
base.state_vn_VN-CT,92
base.state_vn_VN-59,96
